"REF_DATE","GEO","DGUID","Violations","Statistics","UOM","UOM_ID","SCALAR_FACTOR","SCALAR_ID","VECTOR","COORDINATE","VALUE","STATUS","SYMBOL","TERMINATED","DECIMALS"
"1998","Newfoundland and Labrador [10]","2016A000210","Total, all violations [0]","Actual incidents","Number","223","units","0","v44339986","2.1.1","34904","","","","0"
"1999","Newfoundland and Labrador [10]","2016A000210","Total, all violations [0]","Actual incidents","Number","223","units","0","v44339986","2.1.1","33251","","","","0"
"2000","Newfoundland and Labrador [10]","2016A000210","Total, all violations [0]","Actual incidents","Number","223","units","0","v44339986","2.1.1","34171","","","","0"
"2001","Newfoundland and Labrador [10]","2016A000210","Total, all violations [0]","Actual incidents","Number","223","units","0","v44339986","2.1.1","33542","","","","0"
"2002","Newfoundland and Labrador [10]","2016A000210","Total, all violations [0]","Actual incidents","Number","223","units","0","v44339986","2.1.1","34359","","","","0"
"2003","Newfoundland and Labrador [10]","2016A000210","Total, all violations [0]","Actual incidents","Number","223","units","0","v44339986","2.1.1","35127","","","","0"
"2004","Newfoundland and Labrador [10]","2016A000210","Total, all violations [0]","Actual incidents","Number","223","units","0","v44339986","2.1.1","35506","","","","0"
"2005","Newfoundland and Labrador [10]","2016A000210","Total, all violations [0]","Actual incidents","Number","223","units","0","v44339986","2.1.1","34504","","","","0"
"2006","Newfoundland and Labrador [10]","2016A000210","Total, all violations [0]","Actual incidents","Number","223","units","0","v44339986","2.1.1","34009","","","","0"
"2007","Newfoundland and Labrador [10]","2016A000210","Total, all violations [0]","Actual incidents","Number","223","units","0","v44339986","2.1.1","35711","","","","0"
"2008","Newfoundland and Labrador [10]","2016A000210","Total, all violations [0]","Actual incidents","Number","223","units","0","v44339986","2.1.1","36175","","","","0"
"2009","Newfoundland and Labrador [10]","2016A000210","Total, all violations [0]","Actual incidents","Number","223","units","0","v44339986","2.1.1","37531","","","","0"
"2010","Newfoundland and Labrador [10]","2016A000210","Total, all violations [0]","Actual incidents","Number","223","units","0","v44339986","2.1.1","39330","","","","0"
"2011","Newfoundland and Labrador [10]","2016A000210","Total, all violations [0]","Actual incidents","Number","223","units","0","v44339986","2.1.1","37465","","","","0"
"2012","Newfoundland and Labrador [10]","2016A000210","Total, all violations [0]","Actual incidents","Number","223","units","0","v44339986","2.1.1","36024","","","","0"
"2013","Newfoundland and Labrador [10]","2016A000210","Total, all violations [0]","Actual incidents","Number","223","units","0","v44339986","2.1.1","35217","","","","0"
"2014","Newfoundland and Labrador [10]","2016A000210","Total, all violations [0]","Actual incidents","Number","223","units","0","v44339986","2.1.1","32842","","","","0"
"2015","Newfoundland and Labrador [10]","2016A000210","Total, all violations [0]","Actual incidents","Number","223","units","0","v44339986","2.1.1","33645","","","","0"
"2016","Newfoundland and Labrador [10]","2016A000210","Total, all violations [0]","Actual incidents","Number","223","units","0","v44339986","2.1.1","34416","","","","0"
"2017","Newfoundland and Labrador [10]","2016A000210","Total, all violations [0]","Actual incidents","Number","223","units","0","v44339986","2.1.1","31917","","","","0"
"2018","Newfoundland and Labrador [10]","2016A000210","Total, all violations [0]","Actual incidents","Number","223","units","0","v44339986","2.1.1","31752","","","","0"
"2019","Newfoundland and Labrador [10]","2016A000210","Total, all violations [0]","Actual incidents","Number","223","units","0","v44339986","2.1.1","35003","","","","0"
"2020","Newfoundland and Labrador [10]","2016A000210","Total, all violations [0]","Actual incidents","Number","223","units","0","v44339986","2.1.1","35127","","","","0"
"1998","Newfoundland and Labrador [10]","2016A000210","Total, all violations [0]","Rate per 100,000 population","Rate","257","units","0","v44348517","2.1.2","6464.52","","","","2"
"1999","Newfoundland and Labrador [10]","2016A000210","Total, all violations [0]","Rate per 100,000 population","Rate","257","units","0","v44348517","2.1.2","6233.68","","","","2"
"2000","Newfoundland and Labrador [10]","2016A000210","Total, all violations [0]","Rate per 100,000 population","Rate","257","units","0","v44348517","2.1.2","6471.25","","","","2"
"2001","Newfoundland and Labrador [10]","2016A000210","Total, all violations [0]","Rate per 100,000 population","Rate","257","units","0","v44348517","2.1.2","6425.26","","","","2"
"2002","Newfoundland and Labrador [10]","2016A000210","Total, all violations [0]","Rate per 100,000 population","Rate","257","units","0","v44348517","2.1.2","6613.46","","","","2"
"2003","Newfoundland and Labrador [10]","2016A000210","Total, all violations [0]","Rate per 100,000 population","Rate","257","units","0","v44348517","2.1.2","6774.47","","","","2"
"2004","Newfoundland and Labrador [10]","2016A000210","Total, all violations [0]","Rate per 100,000 population","Rate","257","units","0","v44348517","2.1.2","6861.77","","","","2"
"2005","Newfoundland and Labrador [10]","2016A000210","Total, all violations [0]","Rate per 100,000 population","Rate","257","units","0","v44348517","2.1.2","6708.10","","","","2"
"2006","Newfoundland and Labrador [10]","2016A000210","Total, all violations [0]","Rate per 100,000 population","Rate","257","units","0","v44348517","2.1.2","6660.80","","","","2"
"2007","Newfoundland and Labrador [10]","2016A000210","Total, all violations [0]","Rate per 100,000 population","Rate","257","units","0","v44348517","2.1.2","7015.38","","","","2"
"2008","Newfoundland and Labrador [10]","2016A000210","Total, all violations [0]","Rate per 100,000 population","Rate","257","units","0","v44348517","2.1.2","7071.74","","","","2"
"2009","Newfoundland and Labrador [10]","2016A000210","Total, all violations [0]","Rate per 100,000 population","Rate","257","units","0","v44348517","2.1.2","7263.19","","","","2"
"2010","Newfoundland and Labrador [10]","2016A000210","Total, all violations [0]","Rate per 100,000 population","Rate","257","units","0","v44348517","2.1.2","7534.89","","","","2"
"2011","Newfoundland and Labrador [10]","2016A000210","Total, all violations [0]","Rate per 100,000 population","Rate","257","units","0","v44348517","2.1.2","7136.20","","","","2"
"2012","Newfoundland and Labrador [10]","2016A000210","Total, all violations [0]","Rate per 100,000 population","Rate","257","units","0","v44348517","2.1.2","6844.18","","","","2"
"2013","Newfoundland and Labrador [10]","2016A000210","Total, all violations [0]","Rate per 100,000 population","Rate","257","units","0","v44348517","2.1.2","6681.10","","","","2"
"2014","Newfoundland and Labrador [10]","2016A000210","Total, all violations [0]","Rate per 100,000 population","Rate","257","units","0","v44348517","2.1.2","6218.20","","","","2"
"2015","Newfoundland and Labrador [10]","2016A000210","Total, all violations [0]","Rate per 100,000 population","Rate","257","units","0","v44348517","2.1.2","6370.75","","","","2"
"2016","Newfoundland and Labrador [10]","2016A000210","Total, all violations [0]","Rate per 100,000 population","Rate","257","units","0","v44348517","2.1.2","6500.63","","","","2"
"2017","Newfoundland and Labrador [10]","2016A000210","Total, all violations [0]","Rate per 100,000 population","Rate","257","units","0","v44348517","2.1.2","6042.04","","","","2"
"2018","Newfoundland and Labrador [10]","2016A000210","Total, all violations [0]","Rate per 100,000 population","Rate","257","units","0","v44348517","2.1.2","6041.56","","","","2"
"2019","Newfoundland and Labrador [10]","2016A000210","Total, all violations [0]","Rate per 100,000 population","Rate","257","units","0","v44348517","2.1.2","6686.65","","","","2"
"2020","Newfoundland and Labrador [10]","2016A000210","Total, all violations [0]","Rate per 100,000 population","Rate","257","units","0","v44348517","2.1.2","6727.98","","","","2"
"1998","Newfoundland and Labrador [10]","2016A000210","Total, all violations [0]","Percentage change in rate","Percent","239","units","0","v44347823","2.1.3","","..","","","2"
"1999","Newfoundland and Labrador [10]","2016A000210","Total, all violations [0]","Percentage change in rate","Percent","239","units","0","v44347823","2.1.3","-3.57","","","","2"
"2000","Newfoundland and Labrador [10]","2016A000210","Total, all violations [0]","Percentage change in rate","Percent","239","units","0","v44347823","2.1.3","3.81","","","","2"
"2001","Newfoundland and Labrador [10]","2016A000210","Total, all violations [0]","Percentage change in rate","Percent","239","units","0","v44347823","2.1.3","-0.71","","","","2"
"2002","Newfoundland and Labrador [10]","2016A000210","Total, all violations [0]","Percentage change in rate","Percent","239","units","0","v44347823","2.1.3","2.93","","","","2"
"2003","Newfoundland and Labrador [10]","2016A000210","Total, all violations [0]","Percentage change in rate","Percent","239","units","0","v44347823","2.1.3","2.43","","","","2"
"2004","Newfoundland and Labrador [10]","2016A000210","Total, all violations [0]","Percentage change in rate","Percent","239","units","0","v44347823","2.1.3","1.29","","","","2"
"2005","Newfoundland and Labrador [10]","2016A000210","Total, all violations [0]","Percentage change in rate","Percent","239","units","0","v44347823","2.1.3","-2.24","","","","2"
"2006","Newfoundland and Labrador [10]","2016A000210","Total, all violations [0]","Percentage change in rate","Percent","239","units","0","v44347823","2.1.3","-0.71","","","","2"
"2007","Newfoundland and Labrador [10]","2016A000210","Total, all violations [0]","Percentage change in rate","Percent","239","units","0","v44347823","2.1.3","5.32","","","","2"
"2008","Newfoundland and Labrador [10]","2016A000210","Total, all violations [0]","Percentage change in rate","Percent","239","units","0","v44347823","2.1.3","0.80","","","","2"
"2009","Newfoundland and Labrador [10]","2016A000210","Total, all violations [0]","Percentage change in rate","Percent","239","units","0","v44347823","2.1.3","2.71","","","","2"
"2010","Newfoundland and Labrador [10]","2016A000210","Total, all violations [0]","Percentage change in rate","Percent","239","units","0","v44347823","2.1.3","3.74","","","","2"
"2011","Newfoundland and Labrador [10]","2016A000210","Total, all violations [0]","Percentage change in rate","Percent","239","units","0","v44347823","2.1.3","-5.29","","","","2"
"2012","Newfoundland and Labrador [10]","2016A000210","Total, all violations [0]","Percentage change in rate","Percent","239","units","0","v44347823","2.1.3","-4.09","","","","2"
"2013","Newfoundland and Labrador [10]","2016A000210","Total, all violations [0]","Percentage change in rate","Percent","239","units","0","v44347823","2.1.3","-2.38","","","","2"
"2014","Newfoundland and Labrador [10]","2016A000210","Total, all violations [0]","Percentage change in rate","Percent","239","units","0","v44347823","2.1.3","-6.93","","","","2"
"2015","Newfoundland and Labrador [10]","2016A000210","Total, all violations [0]","Percentage change in rate","Percent","239","units","0","v44347823","2.1.3","2.45","","","","2"
"2016","Newfoundland and Labrador [10]","2016A000210","Total, all violations [0]","Percentage change in rate","Percent","239","units","0","v44347823","2.1.3","2.04","","","","2"
"2017","Newfoundland and Labrador [10]","2016A000210","Total, all violations [0]","Percentage change in rate","Percent","239","units","0","v44347823","2.1.3","-7.05","","","","2"
"2018","Newfoundland and Labrador [10]","2016A000210","Total, all violations [0]","Percentage change in rate","Percent","239","units","0","v44347823","2.1.3","-0.01","","","","2"
"2019","Newfoundland and Labrador [10]","2016A000210","Total, all violations [0]","Percentage change in rate","Percent","239","units","0","v44347823","2.1.3","10.68","","","","2"
"2020","Newfoundland and Labrador [10]","2016A000210","Total, all violations [0]","Percentage change in rate","Percent","239","units","0","v44347823","2.1.3","0.62","","","","2"
"2011","Newfoundland and Labrador [10]","2016A000210","Total, all violations [0]","Unfounded incidents","Number","223","units","0","v1000149919","2.1.15","","..","","","0"
"2012","Newfoundland and Labrador [10]","2016A000210","Total, all violations [0]","Unfounded incidents","Number","223","units","0","v1000149919","2.1.15","","..","","","0"
"2013","Newfoundland and Labrador [10]","2016A000210","Total, all violations [0]","Unfounded incidents","Number","223","units","0","v1000149919","2.1.15","","..","","","0"
"2014","Newfoundland and Labrador [10]","2016A000210","Total, all violations [0]","Unfounded incidents","Number","223","units","0","v1000149919","2.1.15","","..","","","0"
"2015","Newfoundland and Labrador [10]","2016A000210","Total, all violations [0]","Unfounded incidents","Number","223","units","0","v1000149919","2.1.15","","..","","","0"
"2016","Newfoundland and Labrador [10]","2016A000210","Total, all violations [0]","Unfounded incidents","Number","223","units","0","v1000149919","2.1.15","","..","","","0"
"2017","Newfoundland and Labrador [10]","2016A000210","Total, all violations [0]","Unfounded incidents","Number","223","units","0","v1000149919","2.1.15","4422","","","","0"
"2018","Newfoundland and Labrador [10]","2016A000210","Total, all violations [0]","Unfounded incidents","Number","223","units","0","v1000149919","2.1.15","4276","","","","0"
"2019","Newfoundland and Labrador [10]","2016A000210","Total, all violations [0]","Unfounded incidents","Number","223","units","0","v1000149919","2.1.15","4043","","","","0"
"2020","Newfoundland and Labrador [10]","2016A000210","Total, all violations [0]","Unfounded incidents","Number","223","units","0","v1000149919","2.1.15","4144","","","","0"
"2011","Newfoundland and Labrador [10]","2016A000210","Total, all violations [0]","Percent unfounded","Percent","239","units","0","v1000149920","2.1.16","","..","","","2"
"2012","Newfoundland and Labrador [10]","2016A000210","Total, all violations [0]","Percent unfounded","Percent","239","units","0","v1000149920","2.1.16","","..","","","2"
"2013","Newfoundland and Labrador [10]","2016A000210","Total, all violations [0]","Percent unfounded","Percent","239","units","0","v1000149920","2.1.16","","..","","","2"
"2014","Newfoundland and Labrador [10]","2016A000210","Total, all violations [0]","Percent unfounded","Percent","239","units","0","v1000149920","2.1.16","","..","","","2"
"2015","Newfoundland and Labrador [10]","2016A000210","Total, all violations [0]","Percent unfounded","Percent","239","units","0","v1000149920","2.1.16","","..","","","2"
"2016","Newfoundland and Labrador [10]","2016A000210","Total, all violations [0]","Percent unfounded","Percent","239","units","0","v1000149920","2.1.16","","..","","","2"
"2017","Newfoundland and Labrador [10]","2016A000210","Total, all violations [0]","Percent unfounded","Percent","239","units","0","v1000149920","2.1.16","12.17","","","","2"
"2018","Newfoundland and Labrador [10]","2016A000210","Total, all violations [0]","Percent unfounded","Percent","239","units","0","v1000149920","2.1.16","11.87","","","","2"
"2019","Newfoundland and Labrador [10]","2016A000210","Total, all violations [0]","Percent unfounded","Percent","239","units","0","v1000149920","2.1.16","10.35","","","","2"
"2020","Newfoundland and Labrador [10]","2016A000210","Total, all violations [0]","Percent unfounded","Percent","239","units","0","v1000149920","2.1.16","10.55","","","","2"
"1998","Newfoundland and Labrador [10]","2016A000210","Total, all violations [0]","Total cleared","Number","223","units","0","v44395152","2.1.4","16339","","","","0"
"1999","Newfoundland and Labrador [10]","2016A000210","Total, all violations [0]","Total cleared","Number","223","units","0","v44395152","2.1.4","15173","","","","0"
"2000","Newfoundland and Labrador [10]","2016A000210","Total, all violations [0]","Total cleared","Number","223","units","0","v44395152","2.1.4","13694","","","","0"
"2001","Newfoundland and Labrador [10]","2016A000210","Total, all violations [0]","Total cleared","Number","223","units","0","v44395152","2.1.4","14115","","","","0"
"2002","Newfoundland and Labrador [10]","2016A000210","Total, all violations [0]","Total cleared","Number","223","units","0","v44395152","2.1.4","13244","","","","0"
"2003","Newfoundland and Labrador [10]","2016A000210","Total, all violations [0]","Total cleared","Number","223","units","0","v44395152","2.1.4","14804","","","","0"
"2004","Newfoundland and Labrador [10]","2016A000210","Total, all violations [0]","Total cleared","Number","223","units","0","v44395152","2.1.4","14223","","","","0"
"2005","Newfoundland and Labrador [10]","2016A000210","Total, all violations [0]","Total cleared","Number","223","units","0","v44395152","2.1.4","13329","","","","0"
"2006","Newfoundland and Labrador [10]","2016A000210","Total, all violations [0]","Total cleared","Number","223","units","0","v44395152","2.1.4","15080","","","","0"
"2007","Newfoundland and Labrador [10]","2016A000210","Total, all violations [0]","Total cleared","Number","223","units","0","v44395152","2.1.4","15906","","","","0"
"2008","Newfoundland and Labrador [10]","2016A000210","Total, all violations [0]","Total cleared","Number","223","units","0","v44395152","2.1.4","16576","","","","0"
"2009","Newfoundland and Labrador [10]","2016A000210","Total, all violations [0]","Total cleared","Number","223","units","0","v44395152","2.1.4","16379","","","","0"
"2010","Newfoundland and Labrador [10]","2016A000210","Total, all violations [0]","Total cleared","Number","223","units","0","v44395152","2.1.4","15897","","","","0"
"2011","Newfoundland and Labrador [10]","2016A000210","Total, all violations [0]","Total cleared","Number","223","units","0","v44395152","2.1.4","14634","","","","0"
"2012","Newfoundland and Labrador [10]","2016A000210","Total, all violations [0]","Total cleared","Number","223","units","0","v44395152","2.1.4","14265","","","","0"
"2013","Newfoundland and Labrador [10]","2016A000210","Total, all violations [0]","Total cleared","Number","223","units","0","v44395152","2.1.4","14062","","","","0"
"2014","Newfoundland and Labrador [10]","2016A000210","Total, all violations [0]","Total cleared","Number","223","units","0","v44395152","2.1.4","13438","","","","0"
"2015","Newfoundland and Labrador [10]","2016A000210","Total, all violations [0]","Total cleared","Number","223","units","0","v44395152","2.1.4","12566","","","","0"
"2016","Newfoundland and Labrador [10]","2016A000210","Total, all violations [0]","Total cleared","Number","223","units","0","v44395152","2.1.4","13264","","","","0"
"2017","Newfoundland and Labrador [10]","2016A000210","Total, all violations [0]","Total cleared","Number","223","units","0","v44395152","2.1.4","12795","","","","0"
"2018","Newfoundland and Labrador [10]","2016A000210","Total, all violations [0]","Total cleared","Number","223","units","0","v44395152","2.1.4","12525","","","","0"
"2019","Newfoundland and Labrador [10]","2016A000210","Total, all violations [0]","Total cleared","Number","223","units","0","v44395152","2.1.4","11525","","","","0"
"2020","Newfoundland and Labrador [10]","2016A000210","Total, all violations [0]","Total cleared","Number","223","units","0","v44395152","2.1.4","10278","","","","0"
"1998","Newfoundland and Labrador [10]","2016A000210","Total, all violations [0]","Cleared by charge","Number","223","units","0","v44339784","2.1.5","10613","","","","0"
"1999","Newfoundland and Labrador [10]","2016A000210","Total, all violations [0]","Cleared by charge","Number","223","units","0","v44339784","2.1.5","10033","","","","0"
"2000","Newfoundland and Labrador [10]","2016A000210","Total, all violations [0]","Cleared by charge","Number","223","units","0","v44339784","2.1.5","10044","","","","0"
"2001","Newfoundland and Labrador [10]","2016A000210","Total, all violations [0]","Cleared by charge","Number","223","units","0","v44339784","2.1.5","10245","","","","0"
"2002","Newfoundland and Labrador [10]","2016A000210","Total, all violations [0]","Cleared by charge","Number","223","units","0","v44339784","2.1.5","9059","","","","0"
"2003","Newfoundland and Labrador [10]","2016A000210","Total, all violations [0]","Cleared by charge","Number","223","units","0","v44339784","2.1.5","8894","","","","0"
"2004","Newfoundland and Labrador [10]","2016A000210","Total, all violations [0]","Cleared by charge","Number","223","units","0","v44339784","2.1.5","8279","","","","0"
"2005","Newfoundland and Labrador [10]","2016A000210","Total, all violations [0]","Cleared by charge","Number","223","units","0","v44339784","2.1.5","7553","","","","0"
"2006","Newfoundland and Labrador [10]","2016A000210","Total, all violations [0]","Cleared by charge","Number","223","units","0","v44339784","2.1.5","7212","","","","0"
"2007","Newfoundland and Labrador [10]","2016A000210","Total, all violations [0]","Cleared by charge","Number","223","units","0","v44339784","2.1.5","7795","","","","0"
"2008","Newfoundland and Labrador [10]","2016A000210","Total, all violations [0]","Cleared by charge","Number","223","units","0","v44339784","2.1.5","8143","","","","0"
"2009","Newfoundland and Labrador [10]","2016A000210","Total, all violations [0]","Cleared by charge","Number","223","units","0","v44339784","2.1.5","8371","","","","0"
"2010","Newfoundland and Labrador [10]","2016A000210","Total, all violations [0]","Cleared by charge","Number","223","units","0","v44339784","2.1.5","8811","","","","0"
"2011","Newfoundland and Labrador [10]","2016A000210","Total, all violations [0]","Cleared by charge","Number","223","units","0","v44339784","2.1.5","8546","","","","0"
"2012","Newfoundland and Labrador [10]","2016A000210","Total, all violations [0]","Cleared by charge","Number","223","units","0","v44339784","2.1.5","8722","","","","0"
"2013","Newfoundland and Labrador [10]","2016A000210","Total, all violations [0]","Cleared by charge","Number","223","units","0","v44339784","2.1.5","8771","","","","0"
"2014","Newfoundland and Labrador [10]","2016A000210","Total, all violations [0]","Cleared by charge","Number","223","units","0","v44339784","2.1.5","8391","","","","0"
"2015","Newfoundland and Labrador [10]","2016A000210","Total, all violations [0]","Cleared by charge","Number","223","units","0","v44339784","2.1.5","8196","","","","0"
"2016","Newfoundland and Labrador [10]","2016A000210","Total, all violations [0]","Cleared by charge","Number","223","units","0","v44339784","2.1.5","8642","","","","0"
"2017","Newfoundland and Labrador [10]","2016A000210","Total, all violations [0]","Cleared by charge","Number","223","units","0","v44339784","2.1.5","8384","","","","0"
"2018","Newfoundland and Labrador [10]","2016A000210","Total, all violations [0]","Cleared by charge","Number","223","units","0","v44339784","2.1.5","8495","","","","0"
"2019","Newfoundland and Labrador [10]","2016A000210","Total, all violations [0]","Cleared by charge","Number","223","units","0","v44339784","2.1.5","8249","","","","0"
"2020","Newfoundland and Labrador [10]","2016A000210","Total, all violations [0]","Cleared by charge","Number","223","units","0","v44339784","2.1.5","7291","","","","0"
"1998","Newfoundland and Labrador [10]","2016A000210","Total, all violations [0]","Cleared otherwise","Number","223","units","0","v44332630","2.1.6","5726","","","","0"
"1999","Newfoundland and Labrador [10]","2016A000210","Total, all violations [0]","Cleared otherwise","Number","223","units","0","v44332630","2.1.6","5140","","","","0"
"2000","Newfoundland and Labrador [10]","2016A000210","Total, all violations [0]","Cleared otherwise","Number","223","units","0","v44332630","2.1.6","3650","","","","0"
"2001","Newfoundland and Labrador [10]","2016A000210","Total, all violations [0]","Cleared otherwise","Number","223","units","0","v44332630","2.1.6","3870","","","","0"
"2002","Newfoundland and Labrador [10]","2016A000210","Total, all violations [0]","Cleared otherwise","Number","223","units","0","v44332630","2.1.6","4185","","","","0"
"2003","Newfoundland and Labrador [10]","2016A000210","Total, all violations [0]","Cleared otherwise","Number","223","units","0","v44332630","2.1.6","5910","","","","0"
"2004","Newfoundland and Labrador [10]","2016A000210","Total, all violations [0]","Cleared otherwise","Number","223","units","0","v44332630","2.1.6","5944","","","","0"
"2005","Newfoundland and Labrador [10]","2016A000210","Total, all violations [0]","Cleared otherwise","Number","223","units","0","v44332630","2.1.6","5776","","","","0"
"2006","Newfoundland and Labrador [10]","2016A000210","Total, all violations [0]","Cleared otherwise","Number","223","units","0","v44332630","2.1.6","7868","","","","0"
"2007","Newfoundland and Labrador [10]","2016A000210","Total, all violations [0]","Cleared otherwise","Number","223","units","0","v44332630","2.1.6","8111","","","","0"
"2008","Newfoundland and Labrador [10]","2016A000210","Total, all violations [0]","Cleared otherwise","Number","223","units","0","v44332630","2.1.6","8433","","","","0"
"2009","Newfoundland and Labrador [10]","2016A000210","Total, all violations [0]","Cleared otherwise","Number","223","units","0","v44332630","2.1.6","8008","","","","0"
"2010","Newfoundland and Labrador [10]","2016A000210","Total, all violations [0]","Cleared otherwise","Number","223","units","0","v44332630","2.1.6","7086","","","","0"
"2011","Newfoundland and Labrador [10]","2016A000210","Total, all violations [0]","Cleared otherwise","Number","223","units","0","v44332630","2.1.6","6088","","","","0"
"2012","Newfoundland and Labrador [10]","2016A000210","Total, all violations [0]","Cleared otherwise","Number","223","units","0","v44332630","2.1.6","5543","","","","0"
"2013","Newfoundland and Labrador [10]","2016A000210","Total, all violations [0]","Cleared otherwise","Number","223","units","0","v44332630","2.1.6","5291","","","","0"
"2014","Newfoundland and Labrador [10]","2016A000210","Total, all violations [0]","Cleared otherwise","Number","223","units","0","v44332630","2.1.6","5047","","","","0"
"2015","Newfoundland and Labrador [10]","2016A000210","Total, all violations [0]","Cleared otherwise","Number","223","units","0","v44332630","2.1.6","4370","","","","0"
"2016","Newfoundland and Labrador [10]","2016A000210","Total, all violations [0]","Cleared otherwise","Number","223","units","0","v44332630","2.1.6","4622","","","","0"
"2017","Newfoundland and Labrador [10]","2016A000210","Total, all violations [0]","Cleared otherwise","Number","223","units","0","v44332630","2.1.6","4411","","","","0"
"2018","Newfoundland and Labrador [10]","2016A000210","Total, all violations [0]","Cleared otherwise","Number","223","units","0","v44332630","2.1.6","4030","","","","0"
"2019","Newfoundland and Labrador [10]","2016A000210","Total, all violations [0]","Cleared otherwise","Number","223","units","0","v44332630","2.1.6","3276","","","","0"
"2020","Newfoundland and Labrador [10]","2016A000210","Total, all violations [0]","Cleared otherwise","Number","223","units","0","v44332630","2.1.6","2987","","","","0"
"1998","Newfoundland and Labrador [10]","2016A000210","Total, all violations [0]","Total, persons charged","Number","223","units","0","v44381906","2.1.7","9296","","","","0"
"1999","Newfoundland and Labrador [10]","2016A000210","Total, all violations [0]","Total, persons charged","Number","223","units","0","v44381906","2.1.7","9175","","","","0"
"2000","Newfoundland and Labrador [10]","2016A000210","Total, all violations [0]","Total, persons charged","Number","223","units","0","v44381906","2.1.7","9413","","","","0"
"2001","Newfoundland and Labrador [10]","2016A000210","Total, all violations [0]","Total, persons charged","Number","223","units","0","v44381906","2.1.7","9783","","","","0"
"2002","Newfoundland and Labrador [10]","2016A000210","Total, all violations [0]","Total, persons charged","Number","223","units","0","v44381906","2.1.7","8700","","","","0"
"2003","Newfoundland and Labrador [10]","2016A000210","Total, all violations [0]","Total, persons charged","Number","223","units","0","v44381906","2.1.7","8796","","","","0"
"2004","Newfoundland and Labrador [10]","2016A000210","Total, all violations [0]","Total, persons charged","Number","223","units","0","v44381906","2.1.7","8124","","","","0"
"2005","Newfoundland and Labrador [10]","2016A000210","Total, all violations [0]","Total, persons charged","Number","223","units","0","v44381906","2.1.7","7518","","","","0"
"2006","Newfoundland and Labrador [10]","2016A000210","Total, all violations [0]","Total, persons charged","Number","223","units","0","v44381906","2.1.7","7169","","","","0"
"2007","Newfoundland and Labrador [10]","2016A000210","Total, all violations [0]","Total, persons charged","Number","223","units","0","v44381906","2.1.7","7670","","","","0"
"2008","Newfoundland and Labrador [10]","2016A000210","Total, all violations [0]","Total, persons charged","Number","223","units","0","v44381906","2.1.7","8190","","","","0"
"2009","Newfoundland and Labrador [10]","2016A000210","Total, all violations [0]","Total, persons charged","Number","223","units","0","v44381906","2.1.7","8425","","","","0"
"2010","Newfoundland and Labrador [10]","2016A000210","Total, all violations [0]","Total, persons charged","Number","223","units","0","v44381906","2.1.7","8698","","","","0"
"2011","Newfoundland and Labrador [10]","2016A000210","Total, all violations [0]","Total, persons charged","Number","223","units","0","v44381906","2.1.7","8521","","","","0"
"2012","Newfoundland and Labrador [10]","2016A000210","Total, all violations [0]","Total, persons charged","Number","223","units","0","v44381906","2.1.7","8678","","","","0"
"2013","Newfoundland and Labrador [10]","2016A000210","Total, all violations [0]","Total, persons charged","Number","223","units","0","v44381906","2.1.7","8706","","","","0"
"2014","Newfoundland and Labrador [10]","2016A000210","Total, all violations [0]","Total, persons charged","Number","223","units","0","v44381906","2.1.7","8310","","","","0"
"2015","Newfoundland and Labrador [10]","2016A000210","Total, all violations [0]","Total, persons charged","Number","223","units","0","v44381906","2.1.7","8194","","","","0"
"2016","Newfoundland and Labrador [10]","2016A000210","Total, all violations [0]","Total, persons charged","Number","223","units","0","v44381906","2.1.7","8724","","","","0"
"2017","Newfoundland and Labrador [10]","2016A000210","Total, all violations [0]","Total, persons charged","Number","223","units","0","v44381906","2.1.7","8432","","","","0"
"2018","Newfoundland and Labrador [10]","2016A000210","Total, all violations [0]","Total, persons charged","Number","223","units","0","v44381906","2.1.7","8346","","","","0"
"2019","Newfoundland and Labrador [10]","2016A000210","Total, all violations [0]","Total, persons charged","Number","223","units","0","v44381906","2.1.7","8223","","","","0"
"2020","Newfoundland and Labrador [10]","2016A000210","Total, all violations [0]","Total, persons charged","Number","223","units","0","v44381906","2.1.7","7068","","","","0"
"1998","Newfoundland and Labrador [10]","2016A000210","Total, all violations [0]","Rate, total persons charged per 100,000 population aged 12 years and over","Rate","257","units","0","v44350890","2.1.8","2003.54","","","","2"
"1999","Newfoundland and Labrador [10]","2016A000210","Total, all violations [0]","Rate, total persons charged per 100,000 population aged 12 years and over","Rate","257","units","0","v44350890","2.1.8","1993.57","","","","2"
"2000","Newfoundland and Labrador [10]","2016A000210","Total, all violations [0]","Rate, total persons charged per 100,000 population aged 12 years and over","Rate","257","units","0","v44350890","2.1.8","2058.85","","","","2"
"2001","Newfoundland and Labrador [10]","2016A000210","Total, all violations [0]","Rate, total persons charged per 100,000 population aged 12 years and over","Rate","257","units","0","v44350890","2.1.8","2155.79","","","","2"
"2002","Newfoundland and Labrador [10]","2016A000210","Total, all violations [0]","Rate, total persons charged per 100,000 population aged 12 years and over","Rate","257","units","0","v44350890","2.1.8","1917.90","","","","2"
"2003","Newfoundland and Labrador [10]","2016A000210","Total, all violations [0]","Rate, total persons charged per 100,000 population aged 12 years and over","Rate","257","units","0","v44350890","2.1.8","1935.34","","","","2"
"2004","Newfoundland and Labrador [10]","2016A000210","Total, all violations [0]","Rate, total persons charged per 100,000 population aged 12 years and over","Rate","257","units","0","v44350890","2.1.8","1786.28","","","","2"
"2005","Newfoundland and Labrador [10]","2016A000210","Total, all violations [0]","Rate, total persons charged per 100,000 population aged 12 years and over","Rate","257","units","0","v44350890","2.1.8","1659.28","","","","2"
"2006","Newfoundland and Labrador [10]","2016A000210","Total, all violations [0]","Rate, total persons charged per 100,000 population aged 12 years and over","Rate","257","units","0","v44350890","2.1.8","1590.60","","","","2"
"2007","Newfoundland and Labrador [10]","2016A000210","Total, all violations [0]","Rate, total persons charged per 100,000 population aged 12 years and over","Rate","257","units","0","v44350890","2.1.8","1705.62","","","","2"
"2008","Newfoundland and Labrador [10]","2016A000210","Total, all violations [0]","Rate, total persons charged per 100,000 population aged 12 years and over","Rate","257","units","0","v44350890","2.1.8","1811.69","","","","2"
"2009","Newfoundland and Labrador [10]","2016A000210","Total, all violations [0]","Rate, total persons charged per 100,000 population aged 12 years and over","Rate","257","units","0","v44350890","2.1.8","1845.01","","","","2"
"2010","Newfoundland and Labrador [10]","2016A000210","Total, all violations [0]","Rate, total persons charged per 100,000 population aged 12 years and over","Rate","257","units","0","v44350890","2.1.8","1884.61","","","","2"
"2011","Newfoundland and Labrador [10]","2016A000210","Total, all violations [0]","Rate, total persons charged per 100,000 population aged 12 years and over","Rate","257","units","0","v44350890","2.1.8","1834.65","","","","2"
"2012","Newfoundland and Labrador [10]","2016A000210","Total, all violations [0]","Rate, total persons charged per 100,000 population aged 12 years and over","Rate","257","units","0","v44350890","2.1.8","1861.26","","","","2"
"2013","Newfoundland and Labrador [10]","2016A000210","Total, all violations [0]","Rate, total persons charged per 100,000 population aged 12 years and over","Rate","257","units","0","v44350890","2.1.8","1862.84","","","","2"
"2014","Newfoundland and Labrador [10]","2016A000210","Total, all violations [0]","Rate, total persons charged per 100,000 population aged 12 years and over","Rate","257","units","0","v44350890","2.1.8","1773.70","","","","2"
"2015","Newfoundland and Labrador [10]","2016A000210","Total, all violations [0]","Rate, total persons charged per 100,000 population aged 12 years and over","Rate","257","units","0","v44350890","2.1.8","1747.89","","","","2"
"2016","Newfoundland and Labrador [10]","2016A000210","Total, all violations [0]","Rate, total persons charged per 100,000 population aged 12 years and over","Rate","257","units","0","v44350890","2.1.8","1854.90","","","","2"
"2017","Newfoundland and Labrador [10]","2016A000210","Total, all violations [0]","Rate, total persons charged per 100,000 population aged 12 years and over","Rate","257","units","0","v44350890","2.1.8","1794.88","","","","2"
"2018","Newfoundland and Labrador [10]","2016A000210","Total, all violations [0]","Rate, total persons charged per 100,000 population aged 12 years and over","Rate","257","units","0","v44350890","2.1.8","1781.88","","","","2"
"2019","Newfoundland and Labrador [10]","2016A000210","Total, all violations [0]","Rate, total persons charged per 100,000 population aged 12 years and over","Rate","257","units","0","v44350890","2.1.8","1758.36","","","","2"
"2020","Newfoundland and Labrador [10]","2016A000210","Total, all violations [0]","Rate, total persons charged per 100,000 population aged 12 years and over","Rate","257","units","0","v44350890","2.1.8","1510.98","","","","2"
"1998","Newfoundland and Labrador [10]","2016A000210","Total, all violations [0]","Total, adult charged","Number","223","units","0","v44413032","2.1.9","6864","","","","0"
"1999","Newfoundland and Labrador [10]","2016A000210","Total, all violations [0]","Total, adult charged","Number","223","units","0","v44413032","2.1.9","7081","","","","0"
"2000","Newfoundland and Labrador [10]","2016A000210","Total, all violations [0]","Total, adult charged","Number","223","units","0","v44413032","2.1.9","7329","","","","0"
"2001","Newfoundland and Labrador [10]","2016A000210","Total, all violations [0]","Total, adult charged","Number","223","units","0","v44413032","2.1.9","7364","","","","0"
"2002","Newfoundland and Labrador [10]","2016A000210","Total, all violations [0]","Total, adult charged","Number","223","units","0","v44413032","2.1.9","6589","","","","0"
"2003","Newfoundland and Labrador [10]","2016A000210","Total, all violations [0]","Total, adult charged","Number","223","units","0","v44413032","2.1.9","6930","","","","0"
"2004","Newfoundland and Labrador [10]","2016A000210","Total, all violations [0]","Total, adult charged","Number","223","units","0","v44413032","2.1.9","6534","","","","0"
"2005","Newfoundland and Labrador [10]","2016A000210","Total, all violations [0]","Total, adult charged","Number","223","units","0","v44413032","2.1.9","6187","","","","0"
"2006","Newfoundland and Labrador [10]","2016A000210","Total, all violations [0]","Total, adult charged","Number","223","units","0","v44413032","2.1.9","5768","","","","0"
"2007","Newfoundland and Labrador [10]","2016A000210","Total, all violations [0]","Total, adult charged","Number","223","units","0","v44413032","2.1.9","6350","","","","0"
"2008","Newfoundland and Labrador [10]","2016A000210","Total, all violations [0]","Total, adult charged","Number","223","units","0","v44413032","2.1.9","6861","","","","0"
"2009","Newfoundland and Labrador [10]","2016A000210","Total, all violations [0]","Total, adult charged","Number","223","units","0","v44413032","2.1.9","7338","","","","0"
"2010","Newfoundland and Labrador [10]","2016A000210","Total, all violations [0]","Total, adult charged","Number","223","units","0","v44413032","2.1.9","7716","","","","0"
"2011","Newfoundland and Labrador [10]","2016A000210","Total, all violations [0]","Total, adult charged","Number","223","units","0","v44413032","2.1.9","7573","","","","0"
"2012","Newfoundland and Labrador [10]","2016A000210","Total, all violations [0]","Total, adult charged","Number","223","units","0","v44413032","2.1.9","7777","","","","0"
"2013","Newfoundland and Labrador [10]","2016A000210","Total, all violations [0]","Total, adult charged","Number","223","units","0","v44413032","2.1.9","7783","","","","0"
"2014","Newfoundland and Labrador [10]","2016A000210","Total, all violations [0]","Total, adult charged","Number","223","units","0","v44413032","2.1.9","7611","","","","0"
"2015","Newfoundland and Labrador [10]","2016A000210","Total, all violations [0]","Total, adult charged","Number","223","units","0","v44413032","2.1.9","7426","","","","0"
"2016","Newfoundland and Labrador [10]","2016A000210","Total, all violations [0]","Total, adult charged","Number","223","units","0","v44413032","2.1.9","7953","","","","0"
"2017","Newfoundland and Labrador [10]","2016A000210","Total, all violations [0]","Total, adult charged","Number","223","units","0","v44413032","2.1.9","7746","","","","0"
"2018","Newfoundland and Labrador [10]","2016A000210","Total, all violations [0]","Total, adult charged","Number","223","units","0","v44413032","2.1.9","7689","","","","0"
"2019","Newfoundland and Labrador [10]","2016A000210","Total, all violations [0]","Total, adult charged","Number","223","units","0","v44413032","2.1.9","7537","","","","0"
"2020","Newfoundland and Labrador [10]","2016A000210","Total, all violations [0]","Total, adult charged","Number","223","units","0","v44413032","2.1.9","6598","","","","0"
"1998","Newfoundland and Labrador [10]","2016A000210","Total, all violations [0]","Rate, adult charged per 100,000 population aged 18 years and over","Rate","257","units","0","v44329919","2.1.10","1657.57","","","","2"
"1999","Newfoundland and Labrador [10]","2016A000210","Total, all violations [0]","Rate, adult charged per 100,000 population aged 18 years and over","Rate","257","units","0","v44329919","2.1.10","1718.46","","","","2"
"2000","Newfoundland and Labrador [10]","2016A000210","Total, all violations [0]","Rate, adult charged per 100,000 population aged 18 years and over","Rate","257","units","0","v44329919","2.1.10","1784.62","","","","2"
"2001","Newfoundland and Labrador [10]","2016A000210","Total, all violations [0]","Rate, adult charged per 100,000 population aged 18 years and over","Rate","257","units","0","v44329919","2.1.10","1800.48","","","","2"
"2002","Newfoundland and Labrador [10]","2016A000210","Total, all violations [0]","Rate, adult charged per 100,000 population aged 18 years and over","Rate","257","units","0","v44329919","2.1.10","1606.93","","","","2"
"2003","Newfoundland and Labrador [10]","2016A000210","Total, all violations [0]","Rate, adult charged per 100,000 population aged 18 years and over","Rate","257","units","0","v44329919","2.1.10","1682.32","","","","2"
"2004","Newfoundland and Labrador [10]","2016A000210","Total, all violations [0]","Rate, adult charged per 100,000 population aged 18 years and over","Rate","257","units","0","v44329919","2.1.10","1580.37","","","","2"
"2005","Newfoundland and Labrador [10]","2016A000210","Total, all violations [0]","Rate, adult charged per 100,000 population aged 18 years and over","Rate","257","units","0","v44329919","2.1.10","1498.56","","","","2"
"2006","Newfoundland and Labrador [10]","2016A000210","Total, all violations [0]","Rate, adult charged per 100,000 population aged 18 years and over","Rate","257","units","0","v44329919","2.1.10","1400.52","","","","2"
"2007","Newfoundland and Labrador [10]","2016A000210","Total, all violations [0]","Rate, adult charged per 100,000 population aged 18 years and over","Rate","257","units","0","v44329919","2.1.10","1541.55","","","","2"
"2008","Newfoundland and Labrador [10]","2016A000210","Total, all violations [0]","Rate, adult charged per 100,000 population aged 18 years and over","Rate","257","units","0","v44329919","2.1.10","1651.00","","","","2"
"2009","Newfoundland and Labrador [10]","2016A000210","Total, all violations [0]","Rate, adult charged per 100,000 population aged 18 years and over","Rate","257","units","0","v44329919","2.1.10","1743.25","","","","2"
"2010","Newfoundland and Labrador [10]","2016A000210","Total, all violations [0]","Rate, adult charged per 100,000 population aged 18 years and over","Rate","257","units","0","v44329919","2.1.10","1809.22","","","","2"
"2011","Newfoundland and Labrador [10]","2016A000210","Total, all violations [0]","Rate, adult charged per 100,000 population aged 18 years and over","Rate","257","units","0","v44329919","2.1.10","1761.06","","","","2"
"2012","Newfoundland and Labrador [10]","2016A000210","Total, all violations [0]","Rate, adult charged per 100,000 population aged 18 years and over","Rate","257","units","0","v44329919","2.1.10","1798.87","","","","2"
"2013","Newfoundland and Labrador [10]","2016A000210","Total, all violations [0]","Rate, adult charged per 100,000 population aged 18 years and over","Rate","257","units","0","v44329919","2.1.10","1793.36","","","","2"
"2014","Newfoundland and Labrador [10]","2016A000210","Total, all violations [0]","Rate, adult charged per 100,000 population aged 18 years and over","Rate","257","units","0","v44329919","2.1.10","1747.37","","","","2"
"2015","Newfoundland and Labrador [10]","2016A000210","Total, all violations [0]","Rate, adult charged per 100,000 population aged 18 years and over","Rate","257","units","0","v44329919","2.1.10","1702.77","","","","2"
"2016","Newfoundland and Labrador [10]","2016A000210","Total, all violations [0]","Rate, adult charged per 100,000 population aged 18 years and over","Rate","257","units","0","v44329919","2.1.10","1815.89","","","","2"
"2017","Newfoundland and Labrador [10]","2016A000210","Total, all violations [0]","Rate, adult charged per 100,000 population aged 18 years and over","Rate","257","units","0","v44329919","2.1.10","1769.45","","","","2"
"2018","Newfoundland and Labrador [10]","2016A000210","Total, all violations [0]","Rate, adult charged per 100,000 population aged 18 years and over","Rate","257","units","0","v44329919","2.1.10","1760.42","","","","2"
"2019","Newfoundland and Labrador [10]","2016A000210","Total, all violations [0]","Rate, adult charged per 100,000 population aged 18 years and over","Rate","257","units","0","v44329919","2.1.10","1727.96","","","","2"
"2020","Newfoundland and Labrador [10]","2016A000210","Total, all violations [0]","Rate, adult charged per 100,000 population aged 18 years and over","Rate","257","units","0","v44329919","2.1.10","1512.22","","","","2"
"1998","Newfoundland and Labrador [10]","2016A000210","Total, all violations [0]","Total, youth charged","Number","223","units","0","v44377120","2.1.11","2432","","","","0"
"1999","Newfoundland and Labrador [10]","2016A000210","Total, all violations [0]","Total, youth charged","Number","223","units","0","v44377120","2.1.11","2094","","","","0"
"2000","Newfoundland and Labrador [10]","2016A000210","Total, all violations [0]","Total, youth charged","Number","223","units","0","v44377120","2.1.11","2084","","","","0"
"2001","Newfoundland and Labrador [10]","2016A000210","Total, all violations [0]","Total, youth charged","Number","223","units","0","v44377120","2.1.11","2419","","","","0"
"2002","Newfoundland and Labrador [10]","2016A000210","Total, all violations [0]","Total, youth charged","Number","223","units","0","v44377120","2.1.11","2111","","","","0"
"2003","Newfoundland and Labrador [10]","2016A000210","Total, all violations [0]","Total, youth charged","Number","223","units","0","v44377120","2.1.11","1866","","","","0"
"2004","Newfoundland and Labrador [10]","2016A000210","Total, all violations [0]","Total, youth charged","Number","223","units","0","v44377120","2.1.11","1590","","","","0"
"2005","Newfoundland and Labrador [10]","2016A000210","Total, all violations [0]","Total, youth charged","Number","223","units","0","v44377120","2.1.11","1331","","","","0"
"2006","Newfoundland and Labrador [10]","2016A000210","Total, all violations [0]","Total, youth charged","Number","223","units","0","v44377120","2.1.11","1401","","","","0"
"2007","Newfoundland and Labrador [10]","2016A000210","Total, all violations [0]","Total, youth charged","Number","223","units","0","v44377120","2.1.11","1320","","","","0"
"2008","Newfoundland and Labrador [10]","2016A000210","Total, all violations [0]","Total, youth charged","Number","223","units","0","v44377120","2.1.11","1329","","","","0"
"2009","Newfoundland and Labrador [10]","2016A000210","Total, all violations [0]","Total, youth charged","Number","223","units","0","v44377120","2.1.11","1087","","","","0"
"2010","Newfoundland and Labrador [10]","2016A000210","Total, all violations [0]","Total, youth charged","Number","223","units","0","v44377120","2.1.11","982","","","","0"
"2011","Newfoundland and Labrador [10]","2016A000210","Total, all violations [0]","Total, youth charged","Number","223","units","0","v44377120","2.1.11","948","","","","0"
"2012","Newfoundland and Labrador [10]","2016A000210","Total, all violations [0]","Total, youth charged","Number","223","units","0","v44377120","2.1.11","901","","","","0"
"2013","Newfoundland and Labrador [10]","2016A000210","Total, all violations [0]","Total, youth charged","Number","223","units","0","v44377120","2.1.11","923","","","","0"
"2014","Newfoundland and Labrador [10]","2016A000210","Total, all violations [0]","Total, youth charged","Number","223","units","0","v44377120","2.1.11","699","","","","0"
"2015","Newfoundland and Labrador [10]","2016A000210","Total, all violations [0]","Total, youth charged","Number","223","units","0","v44377120","2.1.11","768","","","","0"
"2016","Newfoundland and Labrador [10]","2016A000210","Total, all violations [0]","Total, youth charged","Number","223","units","0","v44377120","2.1.11","771","","","","0"
"2017","Newfoundland and Labrador [10]","2016A000210","Total, all violations [0]","Total, youth charged","Number","223","units","0","v44377120","2.1.11","686","","","","0"
"2018","Newfoundland and Labrador [10]","2016A000210","Total, all violations [0]","Total, youth charged","Number","223","units","0","v44377120","2.1.11","657","","","","0"
"2019","Newfoundland and Labrador [10]","2016A000210","Total, all violations [0]","Total, youth charged","Number","223","units","0","v44377120","2.1.11","686","","","","0"
"2020","Newfoundland and Labrador [10]","2016A000210","Total, all violations [0]","Total, youth charged","Number","223","units","0","v44377120","2.1.11","470","","","","0"
"1998","Newfoundland and Labrador [10]","2016A000210","Total, all violations [0]","Rate, youth charged per 100,000 population aged 12 to 17 years","Rate","257","units","0","v44349961","2.1.12","4875.99","","","","2"
"1999","Newfoundland and Labrador [10]","2016A000210","Total, all violations [0]","Rate, youth charged per 100,000 population aged 12 to 17 years","Rate","257","units","0","v44349961","2.1.12","4346.74","","","","2"
"2000","Newfoundland and Labrador [10]","2016A000210","Total, all violations [0]","Rate, youth charged per 100,000 population aged 12 to 17 years","Rate","257","units","0","v44349961","2.1.12","4479.60","","","","2"
"2001","Newfoundland and Labrador [10]","2016A000210","Total, all violations [0]","Rate, youth charged per 100,000 population aged 12 to 17 years","Rate","257","units","0","v44349961","2.1.12","5399.67","","","","2"
"2002","Newfoundland and Labrador [10]","2016A000210","Total, all violations [0]","Rate, youth charged per 100,000 population aged 12 to 17 years","Rate","257","units","0","v44349961","2.1.12","4843.41","","","","2"
"2003","Newfoundland and Labrador [10]","2016A000210","Total, all violations [0]","Rate, youth charged per 100,000 population aged 12 to 17 years","Rate","257","units","0","v44349961","2.1.12","4383.99","","","","2"
"2004","Newfoundland and Labrador [10]","2016A000210","Total, all violations [0]","Rate, youth charged per 100,000 population aged 12 to 17 years","Rate","257","units","0","v44349961","2.1.12","3844.94","","","","2"
"2005","Newfoundland and Labrador [10]","2016A000210","Total, all violations [0]","Rate, youth charged per 100,000 population aged 12 to 17 years","Rate","257","units","0","v44349961","2.1.12","3308.72","","","","2"
"2006","Newfoundland and Labrador [10]","2016A000210","Total, all violations [0]","Rate, youth charged per 100,000 population aged 12 to 17 years","Rate","257","units","0","v44349961","2.1.12","3605.06","","","","2"
"2007","Newfoundland and Labrador [10]","2016A000210","Total, all violations [0]","Rate, youth charged per 100,000 population aged 12 to 17 years","Rate","257","units","0","v44349961","2.1.12","3495.21","","","","2"
"2008","Newfoundland and Labrador [10]","2016A000210","Total, all violations [0]","Rate, youth charged per 100,000 population aged 12 to 17 years","Rate","257","units","0","v44349961","2.1.12","3641.20","","","","2"
"2009","Newfoundland and Labrador [10]","2016A000210","Total, all violations [0]","Rate, youth charged per 100,000 population aged 12 to 17 years","Rate","257","units","0","v44349961","2.1.12","3044.90","","","","2"
"2010","Newfoundland and Labrador [10]","2016A000210","Total, all violations [0]","Rate, youth charged per 100,000 population aged 12 to 17 years","Rate","257","units","0","v44349961","2.1.12","2802.03","","","","2"
"2011","Newfoundland and Labrador [10]","2016A000210","Total, all violations [0]","Rate, youth charged per 100,000 population aged 12 to 17 years","Rate","257","units","0","v44349961","2.1.12","2754.05","","","","2"
"2012","Newfoundland and Labrador [10]","2016A000210","Total, all violations [0]","Rate, youth charged per 100,000 population aged 12 to 17 years","Rate","257","units","0","v44349961","2.1.12","2656.56","","","","2"
"2013","Newfoundland and Labrador [10]","2016A000210","Total, all violations [0]","Rate, youth charged per 100,000 population aged 12 to 17 years","Rate","257","units","0","v44349961","2.1.12","2766.87","","","","2"
"2014","Newfoundland and Labrador [10]","2016A000210","Total, all violations [0]","Rate, youth charged per 100,000 population aged 12 to 17 years","Rate","257","units","0","v44349961","2.1.12","2121.91","","","","2"
"2015","Newfoundland and Labrador [10]","2016A000210","Total, all violations [0]","Rate, youth charged per 100,000 population aged 12 to 17 years","Rate","257","units","0","v44349961","2.1.12","2350.13","","","","2"
"2016","Newfoundland and Labrador [10]","2016A000210","Total, all violations [0]","Rate, youth charged per 100,000 population aged 12 to 17 years","Rate","257","units","0","v44349961","2.1.12","2382.94","","","","2"
"2017","Newfoundland and Labrador [10]","2016A000210","Total, all violations [0]","Rate, youth charged per 100,000 population aged 12 to 17 years","Rate","257","units","0","v44349961","2.1.12","2142.61","","","","2"
"2018","Newfoundland and Labrador [10]","2016A000210","Total, all violations [0]","Rate, youth charged per 100,000 population aged 12 to 17 years","Rate","257","units","0","v44349961","2.1.12","2078.26","","","","2"
"2019","Newfoundland and Labrador [10]","2016A000210","Total, all violations [0]","Rate, youth charged per 100,000 population aged 12 to 17 years","Rate","257","units","0","v44349961","2.1.12","2179.72","","","","2"
"2020","Newfoundland and Labrador [10]","2016A000210","Total, all violations [0]","Rate, youth charged per 100,000 population aged 12 to 17 years","Rate","257","units","0","v44349961","2.1.12","1493.77","","","","2"
"1998","Newfoundland and Labrador [10]","2016A000210","Total, all violations [0]","Total, youth not charged","Number","223","units","0","v53082142","2.1.13","963","","","","0"
"1999","Newfoundland and Labrador [10]","2016A000210","Total, all violations [0]","Total, youth not charged","Number","223","units","0","v53082142","2.1.13","1129","","","","0"
"2000","Newfoundland and Labrador [10]","2016A000210","Total, all violations [0]","Total, youth not charged","Number","223","units","0","v53082142","2.1.13","1434","","","","0"
"2001","Newfoundland and Labrador [10]","2016A000210","Total, all violations [0]","Total, youth not charged","Number","223","units","0","v53082142","2.1.13","1490","","","","0"
"2002","Newfoundland and Labrador [10]","2016A000210","Total, all violations [0]","Total, youth not charged","Number","223","units","0","v53082142","2.1.13","1381","","","","0"
"2003","Newfoundland and Labrador [10]","2016A000210","Total, all violations [0]","Total, youth not charged","Number","223","units","0","v53082142","2.1.13","2070","","","","0"
"2004","Newfoundland and Labrador [10]","2016A000210","Total, all violations [0]","Total, youth not charged","Number","223","units","0","v53082142","2.1.13","1888","","","","0"
"2005","Newfoundland and Labrador [10]","2016A000210","Total, all violations [0]","Total, youth not charged","Number","223","units","0","v53082142","2.1.13","1737","","","","0"
"2006","Newfoundland and Labrador [10]","2016A000210","Total, all violations [0]","Total, youth not charged","Number","223","units","0","v53082142","2.1.13","2252","","","","0"
"2007","Newfoundland and Labrador [10]","2016A000210","Total, all violations [0]","Total, youth not charged","Number","223","units","0","v53082142","2.1.13","2394","","","","0"
"2008","Newfoundland and Labrador [10]","2016A000210","Total, all violations [0]","Total, youth not charged","Number","223","units","0","v53082142","2.1.13","2229","","","","0"
"2009","Newfoundland and Labrador [10]","2016A000210","Total, all violations [0]","Total, youth not charged","Number","223","units","0","v53082142","2.1.13","1862","","","","0"
"2010","Newfoundland and Labrador [10]","2016A000210","Total, all violations [0]","Total, youth not charged","Number","223","units","0","v53082142","2.1.13","1523","","","","0"
"2011","Newfoundland and Labrador [10]","2016A000210","Total, all violations [0]","Total, youth not charged","Number","223","units","0","v53082142","2.1.13","1431","","","","0"
"2012","Newfoundland and Labrador [10]","2016A000210","Total, all violations [0]","Total, youth not charged","Number","223","units","0","v53082142","2.1.13","1277","","","","0"
"2013","Newfoundland and Labrador [10]","2016A000210","Total, all violations [0]","Total, youth not charged","Number","223","units","0","v53082142","2.1.13","1101","","","","0"
"2014","Newfoundland and Labrador [10]","2016A000210","Total, all violations [0]","Total, youth not charged","Number","223","units","0","v53082142","2.1.13","978","","","","0"
"2015","Newfoundland and Labrador [10]","2016A000210","Total, all violations [0]","Total, youth not charged","Number","223","units","0","v53082142","2.1.13","905","","","","0"
"2016","Newfoundland and Labrador [10]","2016A000210","Total, all violations [0]","Total, youth not charged","Number","223","units","0","v53082142","2.1.13","877","","","","0"
"2017","Newfoundland and Labrador [10]","2016A000210","Total, all violations [0]","Total, youth not charged","Number","223","units","0","v53082142","2.1.13","824","","","","0"
"2018","Newfoundland and Labrador [10]","2016A000210","Total, all violations [0]","Total, youth not charged","Number","223","units","0","v53082142","2.1.13","619","","","","0"
"2019","Newfoundland and Labrador [10]","2016A000210","Total, all violations [0]","Total, youth not charged","Number","223","units","0","v53082142","2.1.13","499","","","","0"
"2020","Newfoundland and Labrador [10]","2016A000210","Total, all violations [0]","Total, youth not charged","Number","223","units","0","v53082142","2.1.13","349","","","","0"
"1998","Newfoundland and Labrador [10]","2016A000210","Total, all violations [0]","Rate, youth not charged per 100,000 population aged 12 to 17 years","Rate","257","units","0","v53082143","2.1.14","1930.75","","","","2"
"1999","Newfoundland and Labrador [10]","2016A000210","Total, all violations [0]","Rate, youth not charged per 100,000 population aged 12 to 17 years","Rate","257","units","0","v53082143","2.1.14","2343.59","","","","2"
"2000","Newfoundland and Labrador [10]","2016A000210","Total, all violations [0]","Rate, youth not charged per 100,000 population aged 12 to 17 years","Rate","257","units","0","v53082143","2.1.14","3082.41","","","","2"
"2001","Newfoundland and Labrador [10]","2016A000210","Total, all violations [0]","Rate, youth not charged per 100,000 population aged 12 to 17 years","Rate","257","units","0","v53082143","2.1.14","3325.97","","","","2"
"2002","Newfoundland and Labrador [10]","2016A000210","Total, all violations [0]","Rate, youth not charged per 100,000 population aged 12 to 17 years","Rate","257","units","0","v53082143","2.1.14","3168.52","","","","2"
"2003","Newfoundland and Labrador [10]","2016A000210","Total, all violations [0]","Rate, youth not charged per 100,000 population aged 12 to 17 years","Rate","257","units","0","v53082143","2.1.14","4863.26","","","","2"
"2004","Newfoundland and Labrador [10]","2016A000210","Total, all violations [0]","Rate, youth not charged per 100,000 population aged 12 to 17 years","Rate","257","units","0","v53082143","2.1.14","4565.57","","","","2"
"2005","Newfoundland and Labrador [10]","2016A000210","Total, all violations [0]","Rate, youth not charged per 100,000 population aged 12 to 17 years","Rate","257","units","0","v53082143","2.1.14","4318.00","","","","2"
"2006","Newfoundland and Labrador [10]","2016A000210","Total, all violations [0]","Rate, youth not charged per 100,000 population aged 12 to 17 years","Rate","257","units","0","v53082143","2.1.14","5794.86","","","","2"
"2007","Newfoundland and Labrador [10]","2016A000210","Total, all violations [0]","Rate, youth not charged per 100,000 population aged 12 to 17 years","Rate","257","units","0","v53082143","2.1.14","6339.04","","","","2"
"2008","Newfoundland and Labrador [10]","2016A000210","Total, all violations [0]","Rate, youth not charged per 100,000 population aged 12 to 17 years","Rate","257","units","0","v53082143","2.1.14","6107.02","","","","2"
"2009","Newfoundland and Labrador [10]","2016A000210","Total, all violations [0]","Rate, youth not charged per 100,000 population aged 12 to 17 years","Rate","257","units","0","v53082143","2.1.14","5215.83","","","","2"
"2010","Newfoundland and Labrador [10]","2016A000210","Total, all violations [0]","Rate, youth not charged per 100,000 population aged 12 to 17 years","Rate","257","units","0","v53082143","2.1.14","4345.72","","","","2"
"2011","Newfoundland and Labrador [10]","2016A000210","Total, all violations [0]","Rate, youth not charged per 100,000 population aged 12 to 17 years","Rate","257","units","0","v53082143","2.1.14","4157.23","","","","2"
"2012","Newfoundland and Labrador [10]","2016A000210","Total, all violations [0]","Rate, youth not charged per 100,000 population aged 12 to 17 years","Rate","257","units","0","v53082143","2.1.14","3765.18","","","","2"
"2013","Newfoundland and Labrador [10]","2016A000210","Total, all violations [0]","Rate, youth not charged per 100,000 population aged 12 to 17 years","Rate","257","units","0","v53082143","2.1.14","3300.46","","","","2"
"2014","Newfoundland and Labrador [10]","2016A000210","Total, all violations [0]","Rate, youth not charged per 100,000 population aged 12 to 17 years","Rate","257","units","0","v53082143","2.1.14","2968.85","","","","2"
"2015","Newfoundland and Labrador [10]","2016A000210","Total, all violations [0]","Rate, youth not charged per 100,000 population aged 12 to 17 years","Rate","257","units","0","v53082143","2.1.14","2769.36","","","","2"
"2016","Newfoundland and Labrador [10]","2016A000210","Total, all violations [0]","Rate, youth not charged per 100,000 population aged 12 to 17 years","Rate","257","units","0","v53082143","2.1.14","2710.55","","","","2"
"2017","Newfoundland and Labrador [10]","2016A000210","Total, all violations [0]","Rate, youth not charged per 100,000 population aged 12 to 17 years","Rate","257","units","0","v53082143","2.1.14","2573.63","","","","2"
"2018","Newfoundland and Labrador [10]","2016A000210","Total, all violations [0]","Rate, youth not charged per 100,000 population aged 12 to 17 years","Rate","257","units","0","v53082143","2.1.14","1958.06","","","","2"
"2019","Newfoundland and Labrador [10]","2016A000210","Total, all violations [0]","Rate, youth not charged per 100,000 population aged 12 to 17 years","Rate","257","units","0","v53082143","2.1.14","1585.54","","","","2"
"2020","Newfoundland and Labrador [10]","2016A000210","Total, all violations [0]","Rate, youth not charged per 100,000 population aged 12 to 17 years","Rate","257","units","0","v53082143","2.1.14","1109.20","","","","2"


